Preço,Quartos,Área Útil (m2),Vagas Estacionamento,Taxa Condomínio
8000000,5,580,6,0
7100000,4,430,4,496
7100000,4,430,4,0
6190000,4,430,4,496
6000000,5,807,5,7200
5800000,4,303,4,2200
5500000,4,472,4,0
5500000,4,452,5,3400
5500000,4,452,5,3400
5400000,5,750,6,3900
5000000,4,401,5,3000
5000000,4,401,4,0
5000000,4,340,3,0
5000000,4,1500,7,0
4800000,4,401,5,1500
4700000,4,401,6,2500
4500000,4,466,5,4200
4500000,4,401,4,0
4500000,4,350,3,0
4500000,4,303,4,0
4100000,4,405,4,3300
4100000,4,402,4,985
4100000,4,400,3,0
4000000,4,457,3,0
4000000,4,385,5,2250
4000000,4,324,4,0
3800000,4,420,3,4000
3800000,4,410,3,0
3800000,4,340,3,2000
3800000,4,308,4,0
3790000,4,420,4,985
3790000,4,405,4,2100
3790000,4,405,4,0
3790000,4,402,4,0
3714000,4,218,3,0
3600000,4,385,4,3000
3600000,4,308,4,2200
3540000,4,420,4,0
3522000,4,270,3,0
3500000,4,420,3,0
3500000,4,320,3,0
3500000,4,312,4,1700
3500000,4,289,4,1750
3500000,4,278,4,2000
3500000,4,278,4,1800
3500000,4,240,3,2800
3500000,3,233,3,0
3451000,4,281,3,0
3450000,4,278,4,2700
3400000,4,430,3,0
3400000,4,320,3,0
3357000,4,280,0,0
3300000,4,470,4,1500
3300000,4,375,5,0
3300000,4,303,4,0
3200000,6,650,3,1200
3200000,6,650,2,0
3200000,4,343,4,0
3200000,4,260,3,1600
3200000,4,231,3,0
3100000,4,260,3,0
3100000,4,218,3,0
3000000,6,720,4,0
3000000,5,400,0,0
3000000,4,639,5,1200
3000000,4,467,4,2000
3000000,4,385,4,0
3000000,4,384,4,0
3000000,4,260,3,1800
3000000,4,218,3,0
3000000,3,250,7,0
2995000,5,453,4,1660
2950000,4,187,3,0
2950000,4,187,3,0
2900000,4,405,3,0
2900000,4,360,4,3000
2900000,4,300,3,1700
2900000,4,300,3,0
2900000,4,246,3,2100
2900000,3,300,3,2000
2800000,5,235,4,0
2800000,4,360,4,0
2800000,4,354,4,2300
2800000,4,304,2,1650
2800000,4,280,3,1920
2800000,4,236,4,1350
2800000,4,218,3,1500
2764500,4,280,3,0
2750000,4,467,5,0
2750000,4,204,3,0
2700000,4,470,4,0
2700000,4,464,5,0
2700000,4,357,3,0
2700000,4,218,3,0
2700000,3,234,6,2800
2680000,4,187,3,0
2671000,3,220,6,0
2650000,4,155,3,1300
2600000,4,323,3,1900
2600000,4,280,3,0
2600000,4,240,4,1700
2600000,4,237,3,1570
2600000,4,235,3,0
2600000,4,217,3,0
2550000,4,204,3,950
2500000,5,480,4,1800
2500000,4,406,3,1700
2500000,4,374,4,0
2500000,4,312,3,2300
2500000,4,280,3,1320
2500000,4,280,3,0
2500000,4,260,4,2000
2500000,4,250,4,2200
2500000,4,250,4,2000
2500000,4,250,4,2000
2500000,4,250,3,1950
2500000,4,250,0,1780
2500000,4,230,4,2000
2500000,4,229,4,1800
2500000,4,220,3,1500
2500000,4,217,3,1300
2500000,4,205,3,950
2500000,4,204,3,0
2500000,3,406,3,1750
2500000,3,400,3,1700
2500000,3,250,3,1800
2500000,3,234,6,2800
2500000,3,234,0,2800
2500000,3,219,6,2600
2499999,4,400,3,0
2490000,4,250,4,1900
2480000,4,241,4,2000
2450000,4,230,4,2000
2450000,4,155,3,0
2400000,4,230,3,1550
2400000,2,297,4,0
2350000,4,188,2,0
2350000,4,155,3,0
2330000,4,223,3,1100
2300000,5,580,4,2000
2300000,4,250,3,1800
2300000,4,231,2,1500
2300000,4,220,3,0
2300000,4,210,3,1814
2300000,4,210,3,1814
2300000,4,210,3,1800
2300000,4,200,3,0
2300000,4,173,2,0
2250000,4,244,3,0
2250000,4,155,3,1300
2250000,4,155,3,1300
2250000,4,155,3,1200
2250000,4,155,0,0
2230000,4,219,3,1500
2200000,5,480,4,1200
2200000,5,341,3,1380
2200000,4,333,3,2600
2200000,4,270,3,1200
2200000,4,220,3,1700
2200000,4,220,3,1200
2200000,4,155,3,0
2150000,4,341,3,1260
2100000,4,262,3,2300
2100000,4,231,3,0
2100000,4,220,3,0
2100000,4,190,3,1400
2100000,4,181,3,0
2100000,4,181,3,0
2100000,4,176,3,0
2100000,4,172,2,0
2100000,4,155,3,1500
2100000,4,155,3,0
2097736,4,181,0,0
2097000,4,181,3,0
2050000,4,180,3,0
2020000,3,202,6,0
2000000,4,324,0,0
2000000,4,270,3,1250
2000000,4,265,2,0
2000000,4,255,2,1500
2000000,4,254,2,1500
2000000,4,214,3,1200
2000000,4,193,3,1100
2000000,4,193,3,0
2000000,4,192,3,0
2000000,4,192,3,0
2000000,4,172,2,0
2000000,4,155,3,0
2000000,4,155,3,0
2000000,3,234,0,1100
1999999,4,407,6,0
1990000,4,155,3,0
1950000,4,192,3,1100
1950000,4,192,3,0
1950000,4,181,3,0
1950000,4,150,3,1100
1950000,3,234,0,0
1940000,4,265,3,1250
1900000,4,260,3,1600
1900000,4,255,0,2000
1900000,4,192,3,1100
1900000,4,156,3,900
1900000,4,155,3,0
1900000,3,192,3,1200
1900000,3,223,3,1200
1850000,4,181,0,0
1850000,4,155,3,0
1850000,3,192,3,1100
1849000,4,155,3,0
1800000,5,520,5,0
1800000,5,154,3,1100
1800000,4,450,3,1800
1800000,4,380,2,0
1800000,4,360,4,600
1800000,4,330,3,2560
1800000,4,300,2,2400
1800000,4,264,3,2000
1800000,4,246,3,0
1800000,4,220,2,1212
1800000,4,193,3,0
1800000,4,181,3,1800
1800000,4,180,3,1250
1800000,4,170,3,1000
1800000,3,180,2,1250
1800000,3,177,3,900
1800000,3,177,2,900
1800000,3,170,3,1200
1800000,3,170,3,1000
1800000,3,202,9,0
1780000,3,178,5,0
1750000,5,265,3,1530
1750000,4,270,3,2000
1750000,4,234,2,1500
1750000,4,190,2,1200
1750000,4,189,2,0
1750000,4,181,3,0
1750000,4,150,2,0
1750000,3,187,3,0
1730000,4,234,0,1500
1730000,4,150,3,1100
1700000,4,374,2,1700
1700000,4,370,3,0
1700000,4,260,2,0
1700000,4,259,2,0
1700000,4,234,2,1500
1700000,4,187,3,0
1700000,4,187,3,0
1700000,4,177,3,0
1691000,3,169,5,0
1690000,4,280,3,1500
1690000,4,193,3,1000
1690000,3,65,0,0
1650000,4,247,3,0
1650000,4,190,2,1440
1650000,4,189,0,0
1650000,4,160,3,0
1650000,4,150,2,0
1650000,4,150,2,0
1650000,4,148,3,0
1650000,4,147,0,700
1650000,4,139,2,0
1650000,4,139,2,0
1600000,4,300,2,2200
1600000,4,231,3,1500
1600000,4,180,1,0
1600000,4,167,3,1000
1600000,4,167,3,0
1600000,4,155,3,1150
1600000,4,154,3,0
1600000,3,155,3,1500
1598000,4,143,2,0
1598000,4,139,2,0
1590000,4,260,1,0
1590000,4,164,3,0
1572000,4,183,3,0
1550000,4,189,2,1200
1550000,4,189,2,1200
1550000,4,147,2,0
1550000,4,147,2,0
1550000,4,120,3,1380
1541680,4,152,2,0
1541680,4,152,2,0
1541680,4,152,2,0
1540000,4,190,2,1200
1540000,4,152,2,750
1500000,7,260,2,0
1500000,6,172,2,600
1500000,4,450,4,1650
1500000,4,240,3,800
1500000,4,235,2,0
1500000,4,230,2,0
1500000,4,224,3,1200
1500000,4,221,3,1850
1500000,4,221,3,1800
1500000,4,221,3,1800
1500000,4,220,2,1212
1500000,4,215,3,900
1500000,4,213,3,1000
1500000,4,212,2,1300
1500000,4,202,2,0
1500000,4,190,2,0
1500000,4,185,3,0
1500000,4,183,3,0
1500000,4,183,3,0
1500000,4,182,3,1100
1500000,4,175,3,1000
1500000,4,160,3,1030
1500000,4,152,6,1350
1500000,4,152,2,750
1500000,3,285,3,1400
1500000,3,220,3,1600
1500000,3,200,3,2300
1500000,3,129,2,0
1500000,2,136,2,1600
1495000,4,152,2,0
1490000,3,265,2,900
1465000,4,147,2,0
1450000,4,430,6,0
1450000,4,231,2,1500
1450000,4,210,3,700
1450000,4,185,3,800
1450000,4,150,3,1100
1450000,4,150,2,0
1450000,4,143,2,0
1450000,3,105,2,800
1440000,4,143,2,690
1440000,4,134,2,0
1420000,4,375,2,1800
1400000,5,330,3,2400
1400000,4,300,2,1400
1400000,4,249,3,1750
1400000,4,226,0,0
1400000,4,213,2,1200
1400000,4,200,3,1750
1400000,4,190,3,1558
1400000,4,185,3,1200
1400000,4,184,3,1100
1400000,4,175,2,878
1400000,4,174,3,1100
1400000,4,168,3,0
1400000,4,153,3,1100
1400000,4,152,3,1350
1400000,4,151,3,0
1400000,4,143,2,0
1400000,4,134,2,0
1400000,3,200,0,0
1400000,3,170,2,850
1390000,4,174,3,0
1380000,4,224,3,0
1380000,4,180,3,900
1380000,3,147,2,0
1370000,4,151,3,0
1360000,4,223,3,1750
1352000,4,174,3,0
1350000,5,338,4,1554
1350000,4,212,3,900
1350000,4,190,2,1450
1350000,4,185,3,0
1350000,4,174,3,0
1350000,4,172,0,850
1350000,4,170,3,1100
1350000,4,170,2,850
1350000,4,165,3,700
1350000,4,152,2,0
1350000,4,150,3,750
1350000,3,156,3,1000
1330000,4,189,3,1400
1321000,4,143,2,0
1320000,3,150,3,1050
1315000,4,224,3,1750
1315000,4,144,2,900
1300000,5,360,3,1100
1300000,4,360,2,0
1300000,4,250,2,0
1300000,4,226,0,0
1300000,4,225,3,1300
1300000,4,220,0,1600
1300000,4,213,0,1050
1300000,4,202,2,1050
1300000,4,185,2,0
1300000,4,185,2,0
1300000,4,185,2,0
1300000,4,173,0,750
1300000,4,164,3,900
1300000,4,154,3,1000
1300000,4,150,2,1500
1300000,4,144,2,700
1300000,4,120,2,900
1300000,3,189,3,1100
1300000,3,189,3,1100
1300000,3,189,3,0
1300000,3,156,2,1040
1300000,3,124,2,0
1300000,3,430,9,0
1295000,4,143,0,0
1289925,4,158,2,0
1289925,4,156,2,0
1289000,3,123,2,900
1280000,4,235,4,1700
1280000,4,213,3,0
1278000,4,185,2,0
1275000,4,163,3,730
1270000,4,163,3,0
1260000,7,300,3,0
1260000,4,170,3,1300
1260000,4,170,3,1105
1260000,4,170,3,1015
1250000,5,450,3,1250
1250000,4,367,3,0
1250000,4,220,2,1450
1250000,4,172,3,0
1250000,4,153,3,0
1250000,4,147,2,1500
1250000,4,131,2,0
1248000,4,129,2,965
1239000,4,185,3,0
1225000,4,127,2,0
1224000,4,185,2,0
1220630,4,185,2,0
1215000,4,186,2,0
1208824,4,185,2,0
1204364,4,185,2,0
1200000,5,316,3,0
1200000,4,280,5,0
1200000,4,261,2,0
1200000,4,230,3,1900
1200000,4,225,2,1000
1200000,4,218,2,1085
1200000,4,212,2,1200
1200000,4,200,2,1600
1200000,4,200,1,1800
1200000,4,196,3,1220
1200000,4,185,3,0
1200000,4,185,2,0
1200000,4,182,2,0
1200000,4,175,3,0
1200000,4,170,3,1417
1200000,4,170,0,0
1200000,4,163,3,0
1200000,4,160,2,600
1200000,4,158,3,1100
1200000,4,158,2,0
1200000,4,157,3,1300
1200000,4,154,4,850
1200000,4,153,2,0
1200000,4,150,3,2000
1200000,4,150,3,1098
1200000,4,149,2,650
1200000,4,147,2,820
1200000,4,146,2,770
1200000,4,140,2,1300
1200000,3,210,2,1240
1200000,3,180,2,924
1200000,3,168,3,1500
1200000,3,168,2,1049
1200000,3,127,2,800
1200000,3,127,2,700
1200000,3,127,2,0
1200000,3,300,8,0
1200000,3,224,3,0
1190000,4,137,2,0
1190000,4,136,2,700
1188600,4,185,2,0
1180000,4,150,4,1086
1171075,4,162,2,0
1169800,4,144,2,943
1150000,4,220,2,1200
1150000,4,175,3,880
1150000,4,170,3,1500
1150000,4,170,2,572
1150000,4,168,3,1050
1150000,4,163,3,680
1150000,4,163,3,0
1150000,4,155,3,1050
1150000,4,154,4,810
1150000,4,151,3,1150
1150000,4,150,3,0
1150000,4,149,2,750
1150000,4,143,2,0
1150000,4,140,2,0
1150000,4,137,2,0
1150000,4,135,2,670
1150000,4,126,2,1000
1150000,3,180,2,0
1150000,3,128,2,1250
1150000,3,128,2,800
1150000,3,128,2,0
1150000,3,128,2,0
1150000,3,127,2,1050
1150000,3,127,2,0
1150000,3,126,2,930
1149000,4,186,2,0
1141000,4,124,2,750
1140000,4,136,2,800
1139000,4,162,3,0
1139000,4,162,2,0
1139000,4,162,1,0
1130000,4,240,2,1100
1130000,4,170,3,1300
1122000,4,170,3,1000
1118000,4,124,2,0
1110000,4,185,2,0
1109640,3,158,3,0
1100000,5,170,0,1380
1100000,4,238,2,900
1100000,4,200,3,0
1100000,4,185,3,0
1100000,4,180,5,0
1100000,4,180,2,1000
1100000,4,180,2,1000
1100000,4,175,2,710
1100000,4,170,3,1400
1100000,4,170,3,1105
1100000,4,170,3,1080
1100000,4,170,3,0
1100000,4,160,2,1100
1100000,4,160,2,0
1100000,4,155,2,600
1100000,4,154,3,810
1100000,4,153,3,810
1100000,4,151,0,1500
1100000,4,149,3,800
1100000,4,149,2,0
1100000,4,145,0,0
1100000,4,144,3,2500
1100000,4,136,2,0
1100000,4,128,2,1000
1100000,4,127,2,600
1100000,4,126,2,0
1100000,4,126,2,0
1100000,3,170,3,0
1100000,3,168,0,1040
1100000,3,160,2,1080
1100000,3,158,3,800
1100000,3,158,3,0
1100000,3,156,2,800
1100000,3,155,3,870
1100000,3,132,2,1180
1100000,3,127,2,1050
1100000,3,127,2,1050
1100000,3,127,2,1050
1100000,3,105,2,0
1093000,4,142,2,0
1089000,4,149,2,0
1080000,4,149,2,800
1072000,4,125,2,0
1072000,4,124,2,0
1072000,4,124,2,0
1072000,4,124,0,0
1070000,4,133,2,0
1060000,4,128,2,0
1050000,4,198,3,900
1050000,4,180,3,0
1050000,4,176,3,0
1050000,4,170,3,1400
1050000,4,170,3,1100
1050000,4,170,3,1080
1050000,4,165,2,900
1050000,4,162,3,0
1050000,4,160,3,1000
1050000,4,155,2,770
1050000,4,133,2,0
1050000,3,180,1,900
1050000,3,168,2,1049
1050000,3,128,2,1000
1050000,3,127,2,700
1050000,2,100,2,350
1030000,4,136,2,0
1019456,4,137,2,0
1015000,4,162,3,0
1003680,4,128,2,0
1003680,4,128,2,0
1003680,4,128,2,0
1003680,4,128,2,0
1003680,4,128,2,0
1003680,4,128,0,0
1000000,6,353,2,0
1000000,5,389,3,1500
1000000,4,300,2,1160
1000000,4,270,0,0
1000000,4,240,2,2000
1000000,4,200,2,900
1000000,4,180,3,1200
1000000,4,180,2,0
1000000,4,167,2,1050
1000000,4,158,2,1000
1000000,4,155,3,1200
1000000,4,155,2,1200
1000000,4,153,2,1250
1000000,4,150,3,1000
1000000,4,149,2,360
1000000,4,144,4,0
1000000,4,143,3,0
1000000,4,140,2,980
1000000,4,137,2,0
1000000,4,127,2,650
1000000,3,170,3,1105
1000000,3,170,0,0
1000000,3,141,3,0
1000000,3,125,3,0
1000000,3,108,2,660
1000000,3,108,2,650
1000000,3,94,2,0
990000,4,170,3,1105
990000,4,170,2,0
990000,4,150,3,700
990000,4,150,2,0
990000,4,149,2,0
990000,4,149,2,0
990000,4,149,0,0
990000,4,137,2,0
990000,4,129,3,650
990000,4,128,2,0
990000,4,128,2,0
990000,3,170,3,1105
986557,4,135,2,0
985000,4,175,2,650
985000,4,175,2,650
980000,4,187,2,1050
980000,4,180,2,1070
980000,4,163,3,750
980000,4,150,3,900
980000,4,125,2,0
980000,3,245,2,1411
980000,3,230,2,0
970000,3,127,2,850
970000,3,127,0,850
960000,4,149,2,0
950000,5,190,2,1100
950000,5,149,2,650
950000,4,317,2,0
950000,4,187,2,900
950000,4,185,2,550
950000,4,180,2,0
950000,4,180,2,0
950000,4,180,2,0
950000,4,170,2,0
950000,4,163,2,572
950000,4,161,4,0
950000,4,160,2,0
950000,4,160,0,810
950000,4,157,3,600
950000,4,150,2,0
950000,4,150,2,0
950000,4,149,2,800
950000,4,149,2,0
950000,4,149,2,0
950000,4,140,2,0
950000,4,137,2,400
950000,4,137,2,0
950000,4,136,2,800
950000,4,127,2,700
950000,4,126,2,1000
950000,4,126,0,0
950000,3,200,2,950
950000,3,163,2,880
950000,3,162,1,850
950000,3,160,3,0
950000,3,158,3,800
950000,3,158,2,1000
950000,3,146,2,890
950000,3,133,1,0
950000,3,132,2,900
950000,3,127,2,700
950000,3,108,2,640
950000,3,101,2,692
950000,3,98,2,600
950000,3,95,2,580
950000,2,100,2,700
950000,2,84,2,750
949000,3,95,2,0
945000,4,170,2,880
940000,7,258,2,1300
940000,4,170,2,0
940000,2,84,1,950
931000,5,367,2,0
930000,4,170,3,1105
930000,4,163,2,600
930000,4,142,2,900
930000,4,137,0,0
930000,3,127,2,850
924042,4,135,2,0
921000,4,136,2,0
920000,4,185,2,320
920000,4,137,2,0
920000,4,125,0,0
918736,4,131,2,0
918736,4,130,0,0
918000,4,122,2,0
918000,4,122,2,0
918000,3,122,2,1000
917000,3,97,1,0
915000,4,167,2,775
912000,4,137,2,0
912000,4,136,2,0
905000,4,1304,2,0
905000,4,149,2,0
900000,4,317,2,1005
900000,4,220,2,600
900000,4,196,3,1022
900000,4,196,1,0
900000,4,183,2,1070
900000,4,180,2,1000
900000,4,172,2,865
900000,4,170,2,950
900000,4,170,2,0
900000,4,150,2,1500
900000,4,150,1,900
900000,4,149,3,0
900000,4,149,0,0
900000,4,138,2,0
900000,4,137,2,500
900000,4,137,2,0
900000,4,137,2,0
900000,4,137,2,0
900000,4,136,3,0
900000,4,136,2,800
900000,4,131,2,0
900000,4,130,2,650
900000,3,220,4,0
900000,3,180,1,960
900000,3,160,2,950
900000,3,150,3,750
900000,3,135,2,0
900000,3,127,2,900
900000,3,108,2,0
900000,3,94,2,400
900000,3,94,2,0
900000,2,1019,0,538
900000,2,84,2,950
895000,4,147,2,0
895000,4,144,2,0
890000,5,232,2,1115
890000,4,185,2,850
890000,4,185,2,550
890000,4,160,2,700
890000,4,150,3,650
890000,4,150,2,900
890000,4,140,2,700
890000,3,168,1,0
890000,3,144,2,0
890000,3,142,2,780
890000,3,142,2,0
890000,3,125,3,790
890000,3,113,2,700
888812,4,136,2,0
880000,4,1304,2,0
880000,4,201,2,1000
880000,3,127,2,750
880000,3,119,2,0
880000,3,106,2,650
880000,3,91,2,550
875735,4,140,2,0
870000,4,149,3,850
870000,3,142,2,700
870000,3,142,2,0
870000,3,142,2,0
870000,3,142,1,0
865000,4,170,3,0
860000,4,136,2,650
860000,4,135,2,770
860000,2,169,1,990
850000,4,1304,2,0
850000,4,1304,2,0
850000,4,291,3,0
850000,4,274,3,1400
850000,4,230,2,900
850000,4,220,2,0
850000,4,190,2,1200
850000,4,187,2,850
850000,4,168,2,750
850000,4,167,2,0
850000,4,155,3,1200
850000,4,150,2,1800
850000,4,136,2,1700
850000,4,135,2,0
850000,4,135,2,0
850000,4,132,2,800
850000,4,132,2,0
850000,4,132,2,0
850000,4,130,2,0
850000,4,125,2,600
850000,4,123,2,0
850000,4,122,2,0
850000,3,163,2,1200
850000,3,144,1,0
850000,3,133,1,0
850000,3,132,2,950
850000,3,130,2,660
850000,3,125,2,700
850000,3,125,2,0
850000,3,120,2,0
850000,3,108,2,0
850000,3,106,2,0
850000,3,105,2,680
850000,3,92,2,700
850000,3,135,2,1531
845000,3,130,2,850
840000,4,141,3,1050
840000,4,136,2,0
840000,3,151,1,1100
840000,3,133,1,1200
840000,3,108,2,0
836028,4,135,2,0
836000,4,136,2,0
830000,3,163,2,1100
830000,3,140,2,1050
830000,3,120,2,0
822000,4,185,2,650
820000,4,150,2,820
820000,4,150,0,0
820000,4,130,2,740
820000,4,130,2,0
820000,4,130,0,1060
820000,3,97,2,0
820000,2,101,2,0
816000,4,136,2,0
814000,3,97,2,0
814000,3,97,2,0
810000,4,185,2,0
810000,4,180,2,1900
810000,3,130,2,0
806650,4,136,2,0
804000,4,147,2,0
800000,5,213,2,0
800000,4,274,3,1200
800000,4,232,3,0
800000,4,186,2,700
800000,4,185,2,1400
800000,4,180,2,0
800000,4,180,1,0
800000,4,158,2,1100
800000,4,155,3,1100
800000,4,145,2,650
800000,4,137,2,0
800000,4,136,3,900
800000,4,132,2,700
800000,4,130,2,0
800000,4,128,2,700
800000,4,125,3,0
800000,3,163,2,900
800000,3,152,2,800
800000,3,150,2,1500
800000,3,150,2,0
800000,3,128,4,900
800000,3,128,4,900
800000,3,128,0,0
800000,3,107,2,775
800000,3,106,2,0
800000,3,101,2,800
800000,3,99,2,610
800000,3,84,2,400
800000,2,94,2,750
800000,2,85,2,950
799000,4,128,2,0
798000,4,122,2,0
796000,2,57,1,0
790000,4,274,1,1200
790000,4,257,2,1400
790000,4,150,2,800
790000,4,150,2,600
790000,4,148,3,0
790000,4,125,3,840
790000,4,125,3,0
790000,3,151,1,1100
790000,3,132,2,990
790000,3,130,2,0
790000,3,120,2,650
790000,3,120,1,1130
790000,3,106,2,600
790000,3,101,2,660
790000,2,113,2,860
785500,3,106,2,600
780000,4,135,2,0
780000,4,130,2,945
780000,4,130,2,0
780000,4,128,2,0
780000,4,125,2,700
780000,3,160,0,800
780000,3,136,1,1235
780000,3,129,1,0
780000,3,120,0,680
780000,3,118,2,0
780000,3,105,2,660
780000,3,105,2,450
780000,2,98,2,620
780000,2,86,2,800
777000,3,99,0,0
776000,3,99,1,0
776000,3,97,2,0
776000,3,97,2,0
776000,3,97,1,0
775000,3,105,2,0
774800,3,107,2,0
770000,4,220,2,0
770000,4,200,2,850
770000,4,160,2,790
770000,4,131,2,732
770000,4,130,2,690
770000,3,130,2,700
770000,3,101,2,780
765000,4,180,2,1600
765000,3,101,2,590
762000,3,99,1,0
761000,3,99,2,0
760000,4,180,2,1200
760000,4,160,2,950
760000,4,125,3,840
760000,3,163,2,1100
760000,3,121,2,0
760000,3,80,2,900
757560,1,58,1,500
750400,4,132,2,650
750400,4,132,2,650
750400,4,125,2,0
750400,4,125,2,0
750000,5,132,2,0
750000,4,282,3,1600
750000,4,197,2,1250
750000,4,182,2,0
750000,4,180,2,863
750000,4,180,1,1000
750000,4,170,1,872
750000,4,160,2,0
750000,4,158,2,1100
750000,4,158,2,1100
750000,4,158,2,0
750000,4,157,2,1200
750000,4,154,2,850
750000,4,150,2,720
750000,4,150,1,620
750000,4,140,2,660
750000,4,140,2,0
750000,4,136,2,900
750000,4,135,2,0
750000,4,133,2,650
750000,4,133,1,1200
750000,4,130,2,700
750000,4,130,2,700
750000,4,130,2,0
750000,4,130,2,0
750000,4,128,2,900
750000,4,125,2,650
750000,4,101,2,580
750000,3,230,2,1355
750000,3,168,1,1000
750000,3,164,2,1100
750000,3,163,2,1200
750000,3,163,0,0
750000,3,157,2,1400
750000,3,147,2,0
750000,3,142,2,1200
750000,3,140,1,1250
750000,3,119,2,784
750000,3,110,2,850
750000,3,109,2,850
750000,3,109,2,0
750000,3,108,2,650
750000,3,108,2,600
750000,3,108,0,600
750000,3,105,2,0
750000,3,103,2,514
750000,3,102,2,600
750000,3,102,2,580
750000,3,101,2,890
750000,3,101,2,500
750000,3,100,2,0
750000,3,97,2,600
750000,3,97,2,0
750000,3,82,2,400
750000,1,92,2,722
748000,3,105,2,0
748000,3,105,0,0
747000,3,56,2,0
745000,3,114,3,730
745000,3,84,2,580
741000,3,98,2,0
740000,4,230,2,0
735216,4,124,3,0
735000,4,245,2,1608
735000,4,140,2,0
731000,3,98,2,0
730000,4,129,2,575
730000,4,125,3,900
730000,4,125,3,0
730000,3,163,2,1100
730000,3,142,1,1500
730000,3,133,1,1600
730000,3,120,2,950
730000,3,108,2,530
730000,3,100,2,0
729000,4,130,2,0
727600,1,58,1,500
725000,3,81,2,0
723000,3,101,2,650
722000,3,97,2,0
720000,4,168,2,1300
720000,3,180,2,800
720000,3,176,2,800
720000,3,88,2,475
720000,3,85,2,0
715000,4,140,2,1100
710000,3,108,2,0
710000,3,108,2,0
710000,3,108,0,0
710000,3,99,2,500
706200,1,58,1,500
706000,3,97,2,450
705900,3,120,2,0
705000,3,105,2,0
700000,6,200,4,0
700000,4,154,2,750
700000,4,141,1,0
700000,4,128,2,900
700000,4,125,2,0
700000,4,125,2,0
700000,4,125,0,800
700000,4,124,3,0
700000,4,120,2,950
700000,4,114,1,950
700000,3,180,2,1200
700000,3,163,2,1100
700000,3,163,2,1100
700000,3,163,2,1100
700000,3,163,2,1100
700000,3,163,2,1100
700000,3,163,2,1100
700000,3,163,2,900
700000,3,158,2,1100
700000,3,150,2,890
700000,3,150,2,800
700000,3,140,2,850
700000,3,132,1,890
700000,3,130,2,990
700000,3,114,2,0
700000,3,110,1,0
700000,3,109,2,710
700000,3,106,2,0
700000,3,104,2,750
700000,3,101,2,692
700000,3,99,2,800
700000,3,95,2,700
700000,3,92,2,1150
700000,3,92,2,470
700000,3,91,1,350
699800,3,100,2,0
699000,4,125,3,900
699000,4,125,3,840
699000,4,125,3,0
699000,4,124,3,750
699000,4,124,3,0
699000,3,108,2,0
696000,3,81,2,0
696000,2,81,2,0
695000,3,180,2,760
695000,3,122,1,1150
694500,3,128,2,530
690000,4,180,3,900
690000,4,178,3,900
690000,4,145,2,850
690000,4,142,2,900
690000,4,120,2,0
690000,3,160,1,0
690000,3,132,1,710
690000,3,118,2,0
690000,3,91,2,300
690000,2,82,1,800
689000,3,97,2,0
685000,3,110,1,800
685000,3,82,2,0
680000,5,256,2,0
680000,4,256,2,0
680000,4,220,2,1100
680000,4,125,3,840
680000,3,142,2,1500
680000,3,124,1,0
680000,3,120,2,650
680000,3,119,2,556
680000,3,118,1,0
680000,3,113,2,860
680000,3,112,2,550
680000,3,110,2,700
680000,3,103,2,800
680000,3,102,2,560
680000,3,101,2,700
680000,3,99,2,450
680000,3,86,2,500
680000,2,1705,1,650
675000,4,136,2,640
670000,4,150,2,890
670000,4,138,2,650
670000,4,137,2,870
670000,3,131,0,840
670000,3,128,1,700
670000,3,125,2,700
670000,3,104,0,600
670000,3,86,2,670
670000,3,83,2,650
669000,3,86,2,690
663000,3,86,2,0
663000,3,86,2,0
663000,2,86,2,0
662640,3,63,1,0
660000,3,178,1,1300
660000,3,146,2,1000
660000,3,125,2,650
660000,3,98,2,575
660000,3,93,0,500
660000,3,86,2,0
659000,3,86,2,0
655000,3,49,2,0
650000,5,213,2,1300
650000,4,200,0,0
650000,4,136,2,770
650000,4,124,3,450
650000,3,195,1,530
650000,3,154,2,1000
650000,3,153,2,800
650000,3,149,2,900
650000,3,133,1,750
650000,3,130,2,790
650000,3,127,3,1700
650000,3,126,2,896
650000,3,126,2,620
650000,3,124,1,520
650000,3,123,1,744
650000,3,120,2,815
650000,3,120,2,300
650000,3,118,2,1122
650000,3,118,2,611
650000,3,117,2,815
650000,3,115,2,720
650000,3,115,2,650
650000,3,115,2,0
650000,3,110,2,730
650000,3,109,2,0
650000,3,108,2,750
650000,3,105,3,800
650000,3,101,2,540
650000,3,100,2,700
650000,3,96,2,395
650000,3,94,2,700
650000,3,92,2,800
650000,3,91,2,300
650000,3,90,2,0
650000,3,86,2,0
650000,3,83,2,650
650000,3,81,2,0
650000,2,90,1,0
650000,2,57,1,0
650000,1,43,1,20
650000,3,65,1,0
645000,3,115,2,0
640000,3,137,1,570
640000,3,110,2,936
640000,3,110,2,850
640000,3,81,2,0
635000,3,106,2,600
630000,4,145,2,700
630000,3,129,2,0
630000,3,120,2,630
630000,3,119,2,0
630000,3,108,2,670
630000,3,108,2,0
630000,3,106,2,0
630000,3,103,1,0
630000,3,100,2,5821
630000,3,100,2,0
630000,3,100,0,0
630000,3,98,2,400
630000,3,97,2,400
630000,3,96,2,500
630000,3,93,2,430
630000,3,88,2,0
630000,3,85,2,350
630000,3,81,2,0
630000,2,85,1,0
620000,3,135,2,0
620000,3,131,2,1000
620000,3,121,1,670
620000,3,105,2,580
620000,3,100,2,0
620000,3,98,0,0
620000,3,94,2,650
620000,3,92,2,0
620000,3,91,2,0
620000,3,89,1,350
620000,3,82,2,0
620000,1,43,1,0
619000,3,108,2,0
618000,3,86,2,0
616000,3,92,2,0
615000,3,91,2,700
615000,3,90,2,600
615000,3,90,2,0
615000,3,81,1,450
614419,4,124,0,0
614000,2,50,1,0
610000,4,118,2,650
610000,3,86,2,0
607000,3,96,2,0
607000,3,95,2,0
607000,3,95,2,0
607000,3,95,2,0
607000,3,92,2,0
607000,3,92,2,0
607000,3,92,2,0
607000,3,92,2,0
607000,3,92,0,0
605000,3,99,2,0
602400,3,60,2,661
602400,3,60,1,661
600000,4,164,2,1200
600000,4,155,2,880
600000,4,155,2,880
600000,4,146,2,800
600000,4,131,2,900
600000,4,100,2,750
600000,3,176,1,1000
600000,3,167,2,0
600000,3,137,1,450
600000,3,132,2,1000
600000,3,132,1,600
600000,3,120,2,1050
600000,3,118,2,800
600000,3,118,1,0
600000,3,114,2,600
600000,3,111,2,710
600000,3,108,2,0
600000,3,108,1,600
600000,3,106,2,0
600000,3,104,2,800
600000,3,102,1,750
600000,3,102,1,750
600000,3,101,1,458
600000,3,100,2,500
600000,3,97,2,450
600000,3,97,2,400
600000,3,95,2,580
600000,3,93,2,690
600000,3,90,2,0
600000,3,86,2,0
600000,3,82,2,0
600000,3,81,2,0
600000,3,80,0,0
600000,2,85,2,300
600000,2,83,1,522
600000,2,76,2,520
599000,3,119,0,800
598400,3,105,2,0
598000,3,108,2,700
598000,3,91,2,0
595000,3,135,0,0
595000,3,97,2,640
595000,3,96,2,550
595000,3,96,1,640
595000,3,75,1,550
595000,3,75,1,0
590000,6,204,2,600
590000,3,120,2,820
590000,3,108,2,500
590000,3,100,2,800
590000,3,100,2,500
590000,3,100,2,0
590000,3,99,2,500
590000,3,96,2,600
590000,3,96,2,0
590000,3,94,2,475
590000,3,91,2,0
590000,3,90,2,700
590000,3,85,2,638
590000,3,75,1,0
589000,3,137,2,580
585000,3,102,1,0
582000,3,99,2,0
580000,4,143,2,800
580000,3,170,2,650
580000,3,138,0,1150
580000,3,134,2,850
580000,3,124,2,0
580000,3,120,2,850
580000,3,120,1,567
580000,3,119,0,0
580000,3,110,2,730
580000,3,100,2,750
580000,3,100,2,700
580000,3,100,2,0
580000,3,100,2,0
580000,3,99,1,470
580000,3,86,2,0
580000,3,86,2,0
580000,3,82,2,0
580000,3,81,2,0
580000,3,80,2,470
580000,3,75,1,0
580000,2,56,2,450
580000,2,50,1,720
580000,2,50,0,720
579000,3,88,2,556
578864,3,65,2,0
575000,3,110,2,0
575000,3,108,2,0
574900,3,105,2,0
571000,2,72,1,0
570000,3,130,2,0
570000,3,130,1,0
570000,3,114,2,850
570000,3,112,2,0
570000,3,107,2,750
570000,3,106,2,800
570000,3,106,2,0
570000,3,105,2,850
570000,3,105,2,850
570000,3,100,2,550
570000,3,97,2,830
570000,3,97,2,600
570000,3,97,2,400
570000,3,96,2,400
570000,3,85,2,450
570000,3,83,2,0
570000,3,82,2,550
570000,3,82,2,0
570000,3,75,1,0
570000,3,74,2,350
570000,2,72,1,0
570000,1,44,1,400
567000,2,57,1,0
565000,4,150,2,500
560000,3,158,1,750
560000,3,125,1,1000
560000,3,123,1,1050
560000,3,100,2,650
560000,3,95,2,600
560000,3,95,2,600
560000,3,94,2,0
560000,3,90,2,700
560000,3,89,2,0
560000,3,87,2,450
560000,3,86,2,0
560000,3,82,2,400
560000,2,98,2,550
560000,2,50,1,720
559000,3,115,1,975
555000,2,50,1,600
552000,3,62,1,0
552000,3,62,1,0
551419,4,124,2,500
550000,4,200,4,600
550000,4,188,3,400
550000,4,100,2,998
550000,4,79,1,0
550000,3,200,1,800
550000,3,163,0,0
550000,3,160,3,1140
550000,3,160,2,800
550000,3,159,1,872
550000,3,152,1,650
550000,3,150,0,800
550000,3,145,2,600
550000,3,144,2,590
550000,3,140,1,570
550000,3,138,1,0
550000,3,137,1,450
550000,3,131,2,850
550000,3,130,2,0
550000,3,130,1,0
550000,3,126,1,0
550000,3,124,0,900
550000,3,119,2,850
550000,3,117,2,0
550000,3,117,1,702
550000,3,115,2,780
550000,3,112,2,660
550000,3,111,1,700
550000,3,111,1,650
550000,3,110,2,800
550000,3,110,2,510
550000,3,110,2,0
550000,3,110,1,600
550000,3,110,1,550
550000,3,110,1,500
550000,3,110,1,0
550000,3,109,1,800
550000,3,102,2,0
550000,3,100,2,700
550000,3,100,2,550
550000,3,95,2,0
550000,3,94,2,475
550000,3,90,2,550
550000,3,90,2,0
550000,3,90,1,500
550000,3,90,1,500
550000,3,87,2,480
550000,3,86,2,590
550000,3,86,2,0
550000,3,85,2,543
550000,3,84,2,650
550000,3,83,2,0
550000,3,82,2,580
550000,3,82,2,400
550000,3,80,2,0
550000,3,80,2,0
550000,3,74,1,0
550000,3,60,1,690
550000,2,100,0,700
550000,2,54,1,720
550000,2,53,1,0
550000,1,71,1,1776
550000,1,39,1,0
546000,3,95,2,0
545227,2,72,1,0
545000,3,95,2,450
545000,3,93,2,700
545000,3,92,2,0
545000,3,91,2,800
545000,2,190,0,600
545000,2,75,1,600
544416,3,88,2,0
544000,3,88,2,550
540000,3,131,2,1000
540000,3,131,2,1000
540000,3,131,2,850
540000,3,131,2,850
540000,3,130,2,1000
540000,3,125,1,450
540000,3,117,2,620
540000,3,110,2,790
540000,3,106,2,800
540000,3,105,2,800
540000,3,98,2,650
540000,3,91,2,600
540000,3,90,1,621
540000,3,89,1,650
540000,3,82,2,350
540000,2,80,1,0
539000,1,40,1,962
535000,4,107,2,800
535000,3,90,1,550
535000,3,90,1,550
534600,2,56,1,0
530400,3,86,2,0
530000,4,124,3,450
530000,3,120,2,0
530000,3,117,2,900
530000,3,115,2,600
530000,3,107,2,800
530000,3,106,2,800
530000,3,101,1,705
530000,3,96,2,700
530000,3,90,2,0
530000,3,86,2,550
530000,2,100,0,700
530000,2,57,1,400
530000,2,53,1,0
530000,2,35,1,0
530000,1,40,1,0
530000,1,38,0,0
528958,2,71,1,0
525000,3,128,2,545
525000,3,90,2,600
520000,3,150,1,750
520000,3,135,2,600
520000,3,120,1,690
520000,3,100,2,750
520000,3,100,1,680
520000,3,97,2,830
520000,3,95,2,450
520000,3,95,2,0
520000,3,95,1,600
520000,3,92,2,600
520000,3,86,2,650
520000,3,85,1,800
520000,2,57,1,0
520000,2,56,1,0
515000,3,95,2,300
514000,2,53,1,0
512000,2,57,1,0
510000,4,160,3,1100
510000,4,124,3,300
510000,3,148,1,575
510000,3,120,2,620
510000,3,112,2,670
510000,3,80,1,471
510000,3,69,1,0
510000,2,56,1,0
508000,3,94,2,0
505000,3,80,2,450
505000,2,56,1,0
505000,2,56,0,0
500000,4,200,2,0
500000,4,144,2,700
500000,3,170,1,0
500000,3,160,1,950
500000,3,155,0,700
500000,3,150,1,0
500000,3,142,1,0
500000,3,142,0,0
500000,3,140,1,900
500000,3,140,1,850
500000,3,138,2,850
500000,3,137,2,900
500000,3,135,2,1050
500000,3,126,2,900
500000,3,121,1,730
500000,3,118,1,700
500000,3,117,2,630
500000,3,110,1,825
500000,3,110,1,700
500000,3,102,2,600
500000,3,98,2,530
500000,3,98,1,650
500000,3,97,2,650
500000,3,97,2,643
500000,3,95,2,0
500000,3,91,1,955
500000,3,90,2,585
500000,3,89,2,0
500000,3,80,2,0
500000,3,68,0,0
500000,3,64,0,0
500000,2,80,1,900
500000,2,53,1,300
500000,1,140,2,650
500000,1,53,1,726
500000,1,40,1,1300
500000,1,40,1,700
500000,1,38,0,0
500000,3,58,2,801
499900,3,86,2,560
499000,3,124,2,1350
499000,3,74,1,0
499000,3,74,1,0
499000,3,74,1,0
497000,2,108,0,0
495000,3,100,2,0
495000,3,89,2,0
495000,1,40,1,0
492562,1,53,1,450
492562,1,53,1,450
492562,1,53,1,450
492562,1,53,1,450
490000,3,134,1,800
490000,3,112,2,650
490000,3,108,1,0
490000,3,106,1,750
490000,3,106,1,720
490000,3,100,1,650
490000,3,87,1,700
490000,3,82,2,730
490000,2,94,1,0
490000,2,90,1,450
490000,2,66,1,0
490000,2,56,2,450
490000,2,55,1,450
490000,2,49,1,0
490000,3,90,1,1591
489000,3,82,2,0
488000,4,56,1,0
488000,2,56,1,0
487200,3,81,2,0
487000,4,166,3,0
487000,3,81,2,0
487000,3,81,1,700
487000,2,56,1,700
485000,3,89,2,650
485000,3,87,2,720
485000,2,56,0,600
480000,3,133,1,650
480000,3,130,1,0
480000,3,126,0,700
480000,3,121,1,450
480000,3,119,2,600
480000,3,117,2,650
480000,3,107,1,960
480000,3,103,1,550
480000,3,100,1,680
480000,3,100,1,0
480000,3,98,2,850
480000,3,97,2,640
480000,3,96,2,640
480000,3,96,1,730
480000,3,94,2,500
480000,3,89,2,0
480000,3,89,2,0
480000,3,89,2,0
480000,3,87,2,650
480000,3,85,2,450
480000,3,81,2,0
480000,3,74,1,0
480000,2,80,1,0
480000,2,76,1,550
480000,2,59,1,0
480000,2,54,1,650
480000,1,65,1,480
480000,1,46,1,800
480000,1,44,1,0
480000,1,41,1,0
480000,1,40,1,0
479000,3,64,1,0
479000,3,64,1,0
479000,3,63,1,0
479000,3,63,1,0
479000,3,63,1,0
475000,3,130,1,550
475000,3,118,2,1000
475000,3,98,2,860
475000,3,97,2,0
475000,3,87,2,0
475000,2,57,1,360
475000,2,56,1,450
470000,4,80,2,800
470000,3,124,1,650
470000,3,121,2,500
470000,3,120,2,900
470000,3,114,2,630
470000,3,97,2,700
470000,3,96,1,865
470000,3,95,2,0
470000,3,91,2,0
470000,3,91,1,640
470000,3,87,1,810
470000,3,71,1,0
470000,3,68,0,400
470000,3,66,1,400
470000,3,66,1,0
470000,2,94,1,0
470000,2,64,1,350
469000,2,60,1,0
469000,2,58,1,0
465000,3,142,2,850
465000,2,56,2,493
462000,3,66,1,400
462000,2,66,1,700
462000,2,66,1,0
460000,3,137,1,0
460000,3,137,1,0
460000,3,106,1,690
460000,3,105,1,745
460000,3,73,0,460
460000,3,68,1,300
460000,3,68,1,300
460000,2,54,1,0
458000,3,69,1,250
458000,3,68,1,450
458000,3,68,1,0
458000,3,68,1,0
458000,2,68,1,0
457000,3,61,1,0
457000,2,61,1,450
457000,2,61,1,400
457000,2,61,1,0
457000,2,61,1,0
455000,3,120,1,700
455000,1,35,1,0
453600,3,65,0,0
453600,3,65,0,0
452727,2,45,1,0
452727,2,45,1,0
452100,3,41,1,0
452100,3,41,1,0
451474,3,59,1,0
450000,4,187,1,600
450000,3,172,1,1150
450000,3,128,1,0
450000,3,126,1,1000
450000,3,120,1,700
450000,3,120,1,700
450000,3,118,2,900
450000,3,107,1,620
450000,3,106,1,540
450000,3,105,1,700
450000,3,100,1,0
450000,3,96,1,812
450000,3,90,2,500
450000,3,90,1,650
450000,3,90,0,700
450000,3,87,1,650
450000,3,86,1,410
450000,3,85,2,560
450000,3,85,1,530
450000,3,83,1,530
450000,3,81,1,690
450000,3,80,1,404
450000,3,78,1,590
450000,3,76,1,690
450000,3,75,2,650
450000,3,75,2,650
450000,3,75,1,650
450000,3,71,1,360
450000,3,70,1,480
450000,3,70,1,280
450000,3,64,1,350
450000,3,62,1,0
450000,3,58,1,750
450000,2,116,1,550
450000,2,94,1,600
450000,2,90,1,1250
450000,2,84,1,400
450000,2,82,1,0
450000,2,80,2,0
450000,2,80,1,440
450000,2,76,0,690
450000,2,70,1,490
450000,2,70,0,430
450000,2,68,1,400
450000,2,68,1,0
450000,2,68,0,0
450000,2,67,1,500
450000,2,60,1,650
450000,2,60,1,0
450000,2,55,1,0
450000,2,53,0,320
450000,2,52,1,0
450000,2,50,1,457
450000,1,47,1,0
450000,1,36,1,0
450000,3,452,1,0
450000,3,50,1,0
450000,3,40,0,650
448000,3,62,1,0
445000,3,68,1,420
441000,3,65,0,0
441000,3,63,1,0
441000,3,63,0,0
440000,3,108,1,850
440000,3,98,2,720
440000,3,96,1,0
440000,3,95,2,700
440000,3,64,1,0
440000,3,63,0,0
440000,2,57,2,0
440000,2,56,2,570
440000,2,53,1,537
440000,1,46,1,1500
440000,1,46,1,1500
440000,1,46,1,1500
440000,1,46,1,1500
440000,1,46,1,1500
440000,1,40,1,1180
439000,2,61,1,0
439000,2,61,1,0
435395,3,64,1,0
435000,3,90,2,500
435000,3,89,2,0
430000,4,136,2,810
430000,3,124,0,615
430000,3,113,0,700
430000,3,98,2,700
430000,3,98,1,790
430000,3,93,1,750
430000,3,85,2,750
430000,3,81,2,760
430000,3,75,1,0
430000,3,70,1,380
430000,3,68,1,383
430000,3,64,0,0
430000,2,407,1,0
430000,2,80,1,580
430000,2,71,1,590
430000,2,65,1,450
430000,2,62,1,0
430000,2,59,1,0
430000,3,42,1,477
428000,3,63,1,0
425000,3,66,1,450
420000,3,133,1,0
420000,3,125,2,450
420000,3,119,1,400
420000,3,118,1,850
420000,3,111,2,500
420000,3,99,1,400
420000,3,98,1,790
420000,3,96,1,550
420000,3,90,1,660
420000,3,85,2,720
420000,3,85,1,600
420000,3,81,1,350
420000,3,80,1,480
420000,3,62,1,450
420000,2,70,1,400
420000,2,63,1,430
420000,2,59,1,0
420000,2,57,1,400
420000,2,56,1,450
420000,2,56,1,0
420000,2,55,1,450
420000,2,54,1,775
420000,2,54,1,350
420000,2,53,1,0
420000,2,51,1,0
420000,2,51,1,0
420000,2,42,1,688
420000,1,53,1,0
418000,3,64,1,0
412000,3,62,1,380
411558,3,72,1,0
410000,3,130,1,850
410000,3,105,1,430
410000,3,85,2,650
410000,2,85,1,480
410000,2,68,1,0
410000,2,53,1,580
410000,1,54,0,320
400000,4,153,1,800
400000,4,101,1,340
400000,3,170,1,600
400000,3,120,1,700
400000,3,120,1,685
400000,3,114,2,750
400000,3,107,1,550
400000,3,100,1,650
400000,3,100,0,685
400000,3,99,1,400
400000,3,98,1,462
400000,3,95,2,720
400000,3,95,1,270
400000,3,91,1,750
400000,3,90,1,0
400000,3,85,0,720
400000,3,74,1,450
400000,3,73,1,290
400000,3,72,1,0
400000,3,71,0,0
400000,3,70,1,387
400000,3,69,1,0
400000,3,61,1,350
400000,3,61,1,0
400000,2,82,1,0
400000,2,80,1,0
400000,2,79,1,560
400000,2,72,1,400
400000,2,70,1,550
400000,2,68,1,53
400000,2,68,1,0
400000,2,63,1,450
400000,2,62,1,0
400000,2,61,1,360
400000,2,60,1,375
400000,2,59,0,0
400000,2,55,2,0
400000,2,53,1,700
400000,2,50,1,0
400000,2,42,1,448
400000,1,50,1,1500
400000,1,47,1,0
400000,1,46,0,1500
400000,1,40,1,384
400000,3,41,2,535
399000,3,135,1,660
399000,2,63,2,300
399000,2,56,1,300
398000,3,98,1,650
398000,3,71,1,0
397000,3,63,1,0
395000,3,126,1,550
395000,3,96,1,600
395000,3,96,1,0
395000,3,89,2,0
395000,3,78,1,600
395000,3,73,1,550
395000,3,70,1,400
395000,3,69,1,450
392000,3,49,1,463
390000,4,94,2,800
390000,3,128,1,960
390000,3,128,1,750
390000,3,90,2,500
390000,3,89,2,650
390000,3,86,2,0
390000,3,70,1,0
390000,3,67,1,500
390000,3,66,1,400
390000,3,59,2,400
390000,2,75,1,550
390000,2,75,1,0
390000,2,71,1,700
390000,2,56,1,350
390000,2,54,2,500
385000,3,79,1,0
385000,3,72,1,0
380000,4,120,1,750
380000,3,116,1,500
380000,3,113,1,400
380000,3,110,1,660
380000,3,99,1,450
380000,3,98,1,650
380000,3,91,1,520
380000,3,90,2,0
380000,3,87,2,660
380000,3,87,1,0
380000,3,83,1,450
380000,3,80,1,530
380000,3,75,2,350
380000,3,70,1,470
380000,3,70,1,450
380000,3,66,1,380
380000,3,64,1,460
380000,3,64,1,0
380000,3,63,1,483
380000,3,63,1,481
380000,3,60,1,500
380000,2,79,1,500
380000,2,72,2,0
380000,2,66,1,0
380000,2,65,1,450
380000,2,59,1,400
380000,2,55,1,880
380000,2,55,1,700
380000,2,55,1,0
380000,2,53,1,728
380000,2,53,1,530
380000,2,52,0,320
380000,2,47,1,0
380000,2,45,1,0
380000,2,43,1,270
380000,1,70,1,450
380000,1,40,1,0
380000,1,36,1,0
380000,1,36,1,0
380000,1,34,1,640
379000,3,65,1,0
375000,3,120,1,430
375000,3,95,1,490
375000,2,60,2,0
375000,3,50,2,0
374000,2,47,0,0
374000,2,40,0,0
374000,1,40,0,0
371000,3,60,1,0
370000,3,140,1,600
370000,3,109,1,830
370000,3,98,1,470
370000,3,91,1,700
370000,3,90,1,459
370000,3,72,1,480
370000,3,65,1,463
370000,3,59,1,480
370000,3,58,1,0
370000,2,84,1,950
370000,2,82,1,600
370000,2,78,1,410
370000,2,76,1,750
370000,2,72,1,638
370000,2,70,2,300
370000,2,65,0,555
370000,2,50,1,435
370000,2,50,1,370
370000,2,48,1,380
370000,2,48,1,380
370000,2,47,0,0
370000,2,45,1,0
370000,1,46,1,1445
369000,1,36,1,0
367830,2,50,1,350
366025,3,60,1,0
365000,3,120,2,640
365000,3,70,1,480
360500,3,64,1,450
360000,3,101,1,480
360000,3,100,1,0
360000,3,90,1,0
360000,3,84,1,450
360000,3,82,1,0
360000,3,70,1,650
360000,3,69,1,0
360000,3,64,1,0
360000,3,60,1,0
360000,3,60,1,0
360000,3,59,1,0
360000,2,80,1,550
360000,2,70,2,400
360000,2,70,1,300
360000,2,63,1,550
360000,2,61,1,581
360000,2,58,1,0
360000,2,55,1,0
360000,2,54,2,430
360000,2,53,2,380
360000,2,53,1,360
360000,2,52,2,0
360000,2,52,1,450
360000,2,52,1,380
360000,2,52,1,380
360000,2,52,1,0
360000,2,48,1,0
360000,2,48,0,0
360000,2,22,0,320
360000,1,46,1,0
360000,1,46,1,0
360000,1,46,1,0
360000,1,46,1,0
360000,1,46,1,0
360000,1,45,1,1400
360000,1,39,1,600
360000,1,36,1,607
360000,1,33,1,450
359167,1,22,1,0
356979,2,58,1,0
355000,2,55,1,450
354000,2,59,1,0
353500,2,56,1,0
353500,2,56,1,0
353500,2,56,1,0
353000,3,81,1,0
353000,3,59,2,0
353000,2,59,1,450
350000,3,120,1,530
350000,3,112,1,600
350000,3,110,1,479
350000,3,107,1,660
350000,3,105,1,1050
350000,3,100,1,700
350000,3,98,1,830
350000,3,93,2,0
350000,3,84,1,480
350000,3,81,1,0
350000,3,80,2,600
350000,3,80,1,0
350000,3,78,1,500
350000,3,75,1,420
350000,3,74,1,580
350000,3,72,1,480
350000,3,68,1,380
350000,3,63,1,0
350000,3,61,1,560
350000,2,94,1,690
350000,2,90,1,1180
350000,2,85,1,600
350000,2,77,1,550
350000,2,76,1,420
350000,2,75,1,530
350000,2,75,1,450
350000,2,67,1,400
350000,2,64,0,555
350000,2,62,1,480
350000,2,60,1,300
350000,2,60,1,0
350000,2,60,1,0
350000,2,59,1,400
350000,2,58,2,400
350000,2,58,1,460
350000,2,55,1,485
350000,2,54,1,300
350000,2,53,1,420
350000,2,53,0,0
350000,2,52,1,450
350000,2,47,1,500
350000,2,47,1,0
350000,1,53,0,0
350000,1,50,1,0
350000,1,48,1,0
350000,1,48,1,0
350000,1,40,1,610
350000,1,36,1,0
350000,1,36,1,0
350000,1,36,1,0
350000,1,36,1,0
350000,1,36,1,0
350000,1,23,1,300
350000,3,42,1,0
349000,2,61,1,581
349000,2,61,0,0
345500,2,49,1,0
345000,3,87,1,650
345000,3,71,2,300
345000,3,58,1,0
345000,2,63,1,400
343893,2,51,2,0
342900,2,44,1,0
342900,2,44,1,0
341000,2,60,1,0
340000,4,120,2,480
340000,4,105,1,400
340000,3,90,1,715
340000,3,85,2,630
340000,3,83,2,660
340000,3,83,2,660
340000,3,73,1,400
340000,3,73,1,400
340000,3,71,2,0
340000,3,70,1,460
340000,3,68,1,450
340000,3,61,1,0
340000,2,91,1,800
340000,2,76,1,400
340000,2,72,1,400
340000,2,65,1,360
340000,2,59,1,430
340000,2,59,1,0
340000,2,53,1,480
340000,2,52,1,480
340000,2,52,1,0
340000,2,50,1,400
340000,2,50,1,390
340000,2,50,0,0
340000,2,43,1,0
340000,1,38,0,0
337000,2,53,1,0
337000,2,53,0,0
336000,2,47,1,0
336000,2,47,0,0
335000,2,89,2,200
335000,2,53,1,350
335000,2,48,1,0
335000,2,45,1,0
330000,3,106,1,300
330000,3,82,1,650
330000,3,80,2,660
330000,3,80,2,650
330000,3,78,1,470
330000,3,78,1,460
330000,3,71,1,400
330000,3,65,2,550
330000,2,83,1,450
330000,2,75,1,530
330000,2,72,1,330
330000,2,71,0,590
330000,2,66,1,450
330000,2,66,0,450
330000,2,65,1,760
330000,2,59,1,500
330000,2,54,1,0
330000,2,50,1,346
330000,2,45,1,0
330000,1,45,1,600
330000,1,45,1,0
330000,1,43,1,0
330000,1,43,1,0
330000,1,34,1,470
330000,3,40,1,0
329990,1,50,1,1400
328400,2,47,1,0
326000,2,60,1,0
326000,2,49,0,0
325000,3,105,1,350
325000,3,90,1,550
325000,1,47,1,850
325000,1,36,1,700
325000,1,34,1,0
322000,2,53,1,0
320000,4,120,1,350
320000,3,116,1,660
320000,3,110,1,600
320000,3,101,1,420
320000,3,100,1,650
320000,3,100,1,0
320000,3,87,1,630
320000,3,70,2,0
320000,3,63,1,386
320000,3,61,1,0
320000,2,84,1,700
320000,2,73,1,460
320000,2,70,1,1155
320000,2,63,1,330
320000,2,56,1,441
320000,2,55,1,0
320000,2,54,1,0
320000,2,50,1,0
320000,2,47,1,746
320000,2,47,1,500
320000,1,407,1,658
320000,1,24,1,0
320000,1,24,1,0
320000,1,24,1,0
320000,1,24,1,0
320000,1,24,1,0
315600,2,47,1,0
315000,3,133,2,250
315000,3,85,1,550
315000,2,70,2,540
315000,2,63,1,400
315000,2,60,1,370
315000,2,55,1,0
315000,2,53,1,413
315000,2,51,1,0
315000,2,47,1,0
315000,1,47,1,0
314000,2,49,1,0
312000,2,55,1,370
310000,3,75,2,300
310000,2,56,1,400
310000,2,55,1,0
310000,2,52,1,0
310000,2,52,1,0
310000,2,50,0,380
310000,2,47,1,280
310000,2,44,0,0
310000,1,38,1,370
310000,1,35,1,0
310000,1,23,0,0
310000,3,40,1,0
309000,2,47,1,0
308000,2,47,1,0
305000,2,47,1,0
303800,2,46,1,0
302000,2,46,1,0
300000,3,109,0,350
300000,3,84,1,670
300000,3,80,2,500
300000,3,80,2,0
300000,3,72,1,400
300000,2,85,1,420
300000,2,83,1,300
300000,2,78,1,450
300000,2,78,1,0
300000,2,76,1,447
300000,2,75,1,0
300000,2,70,1,380
300000,2,69,1,1156
300000,2,68,1,0
300000,2,64,1,0
300000,2,56,1,0
300000,2,55,1,517
300000,2,52,1,0
300000,2,50,1,0
300000,2,46,1,600
300000,1,54,1,600
300000,1,45,1,1400
300000,1,40,1,331
300000,1,39,1,620
300000,1,39,1,0
300000,1,36,1,900
300000,1,36,1,0
300000,1,35,1,350
300000,1,33,1,0
300000,1,32,0,450
300000,3,500,3,0
299999,2,69,1,1100
299000,3,102,1,750
299000,2,59,1,416
299000,1,32,1,0
298500,2,57,1,0
298000,2,45,1,0
295000,4,105,1,500
295000,3,75,0,537
295000,2,68,1,500
295000,2,55,1,500
295000,2,55,0,500
291500,1,50,1,1000
290000,3,90,2,250
290000,2,85,1,420
290000,2,75,1,500
290000,2,75,1,450
290000,2,70,1,0
290000,2,70,1,0
290000,2,57,0,695
290000,2,52,1,0
290000,2,45,0,0
290000,2,45,0,0
290000,1,388,1,0
290000,1,42,1,420
290000,1,42,1,0
290000,1,40,1,350
290000,1,40,1,320
290000,1,40,1,0
290000,1,40,1,0
290000,1,40,1,0
290000,1,30,1,450
290000,1,27,0,0
290000,3,45,1,400
290000,3,40,0,355
285000,3,90,2,350
285000,3,83,1,740
285000,3,75,1,500
285000,2,59,1,500
285000,2,57,0,360
285000,2,56,1,500
285000,2,56,1,380
280000,3,89,1,220
280000,3,89,0,400
280000,2,82,1,220
280000,2,80,1,590
280000,2,75,0,450
280000,2,67,1,500
280000,2,65,1,0
280000,2,49,1,0
280000,2,47,1,0
280000,1,50,1,1000
280000,1,42,1,400
280000,1,40,1,620
280000,1,36,1,1250
280000,1,36,1,1250
280000,1,36,1,1250
280000,1,36,1,1250
280000,1,36,1,1250
280000,1,33,1,340
280000,1,33,1,0
280000,1,33,1,0
280000,1,32,1,730
280000,1,32,1,450
280000,1,32,1,320
280000,1,32,0,0
280000,1,29,1,0
280000,1,24,1,1250
280000,1,24,1,1250
280000,1,24,1,1250
280000,1,24,1,1250
280000,1,24,1,1250
280000,3,41,2,290
275000,3,76,3,210
275000,3,69,1,550
275000,2,75,1,0
275000,2,70,1,550
275000,2,70,0,400
275000,1,33,1,340
275000,1,30,2,0
270000,3,150,1,1000
270000,3,89,0,0
270000,2,687,1,1400
270000,2,94,1,600
270000,2,81,1,500
270000,2,58,1,470
270000,2,55,1,400
270000,2,55,1,0
270000,2,55,1,0
270000,2,55,1,0
270000,2,54,1,400
270000,2,50,1,0
270000,2,50,1,0
270000,2,47,1,560
270000,2,45,1,0
270000,1,30,1,450
265000,2,75,1,400
265000,2,53,1,0
265000,2,48,1,400
265000,2,44,1,290
265000,1,30,1,275
265000,1,30,1,275
265000,1,29,1,462
263000,1,34,1,0
260000,3,90,1,200
260000,3,78,1,450
260000,2,75,1,730
260000,2,75,1,200
260000,2,51,2,0
260000,2,50,1,380
260000,1,53,1,600
260000,1,50,1,600
260000,1,48,1,0
260000,1,33,1,0
260000,1,28,1,280
260000,1,23,1,350
259000,2,75,1,730
255000,3,75,1,700
255000,2,55,1,300
252500,2,48,1,0
252480,2,47,1,0
252200,2,35,1,0
250000,3,122,1,450
250000,3,101,1,350
250000,3,100,1,400
250000,2,84,2,310
250000,2,80,1,500
250000,2,75,1,450
250000,2,75,1,400
250000,2,73,1,260
250000,2,69,1,1156
250000,2,69,1,370
250000,2,67,1,530
250000,2,65,1,250
250000,2,55,1,400
250000,2,50,1,380
250000,2,50,1,380
250000,2,50,0,380
250000,1,52,1,800
250000,1,44,0,670
250000,1,40,1,450
250000,1,40,1,350
250000,1,36,1,1175
250000,1,35,1,0
250000,1,35,1,0
250000,1,34,1,350
250000,1,34,1,350
250000,1,30,1,0
250000,1,27,1,280
250000,3,48,0,407
250000,3,29,1,0
249000,1,34,1,0
240000,3,76,1,200
240000,2,100,1,500
240000,2,87,1,700
240000,2,70,1,0
240000,1,45,1,0
240000,1,44,1,950
240000,1,43,1,765
240000,1,31,1,350
240000,1,30,1,359
240000,1,29,1,0
240000,3,30,1,500
235000,3,73,1,250
235000,2,45,1,0
235000,2,43,0,0
235000,1,28,1,0
235000,1,28,0,0
235000,1,26,1,0
231000,2,55,1,320
230000,3,88,1,390
230000,3,78,1,130
230000,3,73,1,250
230000,2,61,1,220
230000,2,40,1,300
230000,1,76,1,190
230000,1,35,1,580
230000,1,35,1,500
230000,1,34,1,590
230000,1,31,1,0
230000,1,28,1,0
230000,1,28,1,0
230000,1,28,1,0
230000,3,30,1,360
230000,3,30,1,360
230000,3,30,1,330
226580,1,33,0,0
225000,3,84,1,250
225000,2,45,1,0
225000,1,47,1,0
220000,3,97,1,90
220000,2,70,1,400
220000,2,70,1,200
220000,1,42,0,750
220000,1,40,1,388
220000,1,36,1,1175
220000,1,36,1,1119
220000,1,28,1,0
219000,1,33,1,0
218000,1,29,1,0
215000,2,72,1,200
215000,1,33,1,0
215000,1,26,0,0
210000,3,62,1,350
210000,2,46,1,490
210000,1,45,1,100
210000,1,29,2,0
210000,1,25,1,243
210000,1,25,1,0
205000,2,45,1,300
205000,1,25,1,210
205000,1,25,1,210
205000,1,17,0,300
200000,1,33,1,400
200000,1,32,1,450
200000,1,28,1,300
200000,1,28,1,0
200000,1,28,1,0
200000,1,27,1,339
200000,1,26,1,283
200000,1,25,1,0
200000,1,25,1,0
200000,1,16,1,0
200000,3,80,1,350
200000,3,36,0,428
199000,1,27,1,0
199000,1,27,1,0
199000,1,27,0,0
199000,1,25,1,0
199000,1,25,0,0
199000,3,25,1,0
196000,1,30,0,0
195000,2,28,1,336
195000,1,35,1,0
195000,1,25,1,0
195000,1,23,1,0
195000,3,36,1,320
190000,2,51,0,368
190000,1,35,1,300
190000,1,24,0,0
190000,1,23,1,0
189000,1,25,1,250
187000,1,17,1,0
185000,1,32,1,0
185000,1,26,1,0
185000,1,26,0,0
185000,1,25,1,170
185000,1,25,1,0
185000,1,24,1,0
185000,1,22,1,0
180000,1,42,1,230
180000,1,30,1,318
180000,1,25,0,0
180000,1,24,1,0
180000,3,30,1,230
180000,3,29,1,452
180000,3,28,1,750
179550,1,25,1,0
175000,1,37,1,460
175000,1,32,1,0
175000,1,25,1,200
175000,3,30,1,360
175000,3,30,1,360
170000,3,58,0,330
168000,1,28,1,0
162645,2,50,1,0
160000,1,28,1,0
157500,1,30,1,0
155000,1,25,1,0
154000,2,62,0,0
152000,1,30,1,0
150000,1,45,0,250
150000,3,45,1,0
150000,3,42,1,168
125000,3,25,0,350
